modelo,nobs,r2,r2_ajustado,aic,bic,rmse,mae
OLS dummies temporales,2291.0,0.990983,0.990884,21509.46583,21658.621166,26.155322,16.692517
