modelo,nobs,pseudo_r2,aic,bic,probabilidad_media_predicha
Logit,500000,0.470957,94681.220694,94770.199601,0.043513
Probit,500000,0.479109,93222.603777,93311.582684,0.043102
