horizonte,rmse,mae,mape
7.0,3.216583,3.120536,343.942737
14.0,6.776938,5.962285,343.942737
30.0,17.38199,14.621597,872.84077
