modelo,nobs,r2,r2_ajustado,aic,bic,rmse,mae
OLS multiple,2291.0,0.987716,0.987705,22171.924802,22189.135033,30.528801,17.96584
