modelo,nobs,r2,r2_ajustado,aic,bic,rmse,mae
Ajuste parcial,2277.0,0.94402,0.943848,25509.917964,25555.762876,65.313511,26.455133
