modelo,nobs,r2,r2_ajustado,aic,bic,rmse,mae
Expectativas adaptativas,2290.0,0.949591,0.949524,25398.113733,25421.058961,61.852618,23.926947
